Model,RMSE,R2
All Features,16.622602463938264,0.8749549277455868
Best Hyperparameters,16.503208783739076,0.8767447767995002
Top 5 Features,18.021761048971722,0.8530183905459662
